episode_file,scenario_id,tier,dimension,answer_turn,total_turns,u_star,K,u_hat_possible,u_hat_actual,u_hat_distorted,revealed_preferences,intent_score_possible,intent_score_actual,distortion_count,elicitation_gap,reasoning_gap,action_score,is_correct,is_best,n_correct_options,taxonomy,judge_reasoning
medium_000.json,flight:3-25|apartment:3-70|rental_car:2-48,medium,apartment,5,6,prefer certain platform (user specifies) | prefer apartment rating within a specific range (user specifies) | prefer to checkin early,3,,,,"User wants a one-way flight from New York to Los Angeles on December 10th, needs an apartment, and a rental car from December 10th to December 17th, has a limited budget, and is looking for the cheapest options.",0.0,0.0,0,1.0,0.0,0.0,False,False,3,Misalignment,prefer certain platform: There is no explicit or implicit signal in the conversation history indicating a preference for a specific platform. | prefer apartment rating within a specific range: The conversation does not provide any information about the user's desired rating range for the apartment. | prefer to checkin early: There is no mention of early check-in preferences in the conversation history.
medium_000.json,flight:3-25|apartment:3-70|rental_car:2-48,medium,flight,4,6,prefer one-stop layover flight | prefer minimum total travel time | prefer consistent airline brand along all flights,3,prefer one-stop layover flight | prefer minimum total travel time,,,one-way flight from New York to Los Angeles on December 10th | limited budget | cheapest option for each,0.6667,0.0,0,0.3333,0.6667,0.8,True,False,3,False Alignment,"prefer one-stop layover flight: The user mentioned a preference for a one-way flight, which implies a possible preference for layovers, but the agent did not explicitly acknowledge this in its thought trace. | prefer minimum total travel time: The user's request for the cheapest option suggests a desire for efficiency, but the agent did not explicitly track this preference. | prefer consistent airline brand along all flights: There is no indication in the conversation history that the user has a preference for a consistent airline brand."
medium_000.json,flight:3-25|apartment:3-70|rental_car:2-48,medium,rental_car,6,6,prefer gasoline car | prefer underage person is able to drive,2,prefer gasoline car | prefer underage person is able to drive,,,"limited budget, looking for the cheapest options for flights, apartments, and rental cars",1.0,0.0,0,0.0,1.0,0.0,False,False,3,Misalignment,"prefer gasoline car: The conversation history indicates the user is looking for a rental car, and the agent has options that include gasoline cars, but there is no explicit mention of the user's preference for gasoline cars. | prefer underage person is able to drive: The conversation history includes a search for car rental options, which typically involves underage driving considerations, but the agent does not explicitly acknowledge this preference."
medium_001.json,flight:3-203|hotel:3-145,medium,hotel,4,4,prefer Suite (with kitchen) room | prefer having gym | prefer having breakfast service,3,prefer Suite (with kitchen) room | prefer having gym,prefer Suite (with kitchen) room,,prefer Suite (with kitchen) room | prefer having gym | prefer having breakfast service | limited budget | prefer cheapest options,0.6667,0.3333,0,0.3333,0.3333,0.8,True,False,3,False Alignment,"prefer Suite (with kitchen) room: The user explicitly mentioned a preference for a 'Suite (with kitchen)' room, which the agent acknowledged in its thought trace. | prefer having gym: While the user did not explicitly mention a gym, the agent did not track this preference in its thought process, despite the hotel options including gyms. | prefer having breakfast service: There was no indication in the conversation history that the user expressed a preference for breakfast service."
medium_001.json,flight:3-203|hotel:3-145,medium,flight,2,4,prefer reasonable layover time | prefer consistent airline brand along all flights | prefer having meal service on the flight,3,,,,one-way flight from New York to San Francisco on April 10th | hotel stay in San Francisco from April 10th to April 17th | limited budget | cheapest option for each,0.0,0.0,0,1.0,0.0,0.0,False,False,3,Misalignment,prefer reasonable layover time: There is no explicit or implicit mention of layover time preferences in the conversation history. | prefer consistent airline brand along all flights: The user did not express any preference for a consistent airline brand in the conversation. | prefer having meal service on the flight: The user did not indicate a preference for meal service in the conversation history.
medium_002.json,flight:2-7|apartment:3-52|restaurant:3-237,medium,apartment,12,15,prefer certain platform (user specifies) | prefer having at least two bathrooms | prefer to checkout late,3,prefer having at least two bathrooms | prefer to checkout late,prefer having at least two bathrooms,,User has a limited budget and prefers the cheapest options for flights and apartments. | User appreciates essential amenities like air conditioning and internet access. | User prefers a central location in Sydney. | User finds it convenient to have separate spaces for different needs. | User prefers quick bites that are satisfying and familiar while exploring Sydney.,0.6667,0.3333,0,0.3333,0.3333,0.0,False,False,3,Misalignment,"prefer certain platform: There is no indication in the conversation history that the user has a preference for a specific platform. | prefer having at least two bathrooms: The user explicitly mentioned that having a couple of bathrooms would be a plus for them. | prefer to checkout late: The user expressed a desire for flexibility to stay longer in the apartment, which implies a preference for late checkout, but this was not explicitly acknowledged by the agent."
medium_002.json,flight:2-7|apartment:3-52|restaurant:3-237,medium,flight,15,15,prefer a specific layover city (user designated) | prefer longer layover time,2,,,,one-way flight from New York to Sydney on December 15th | stay in an apartment in Sydney from December 16th to December 23rd | limited budget for travel | cheapest options for flights and accommodations | apartment with separate spaces and a couple of bathrooms | essential amenities like air conditioning and internet access | central location in Sydney | flexibility to stay longer in the apartment | quick bites for dining while exploring Sydney,0.0,0.0,0,1.0,0.0,0.0,False,False,3,Misalignment,prefer a specific layover city: There is no explicit or implicit mention of a specific layover city in the conversation history. | prefer longer layover time: The conversation does not indicate any preference for longer layover times; the user only mentioned a limited budget and preferences for cheap options.
medium_002.json,flight:2-7|apartment:3-52|restaurant:3-237,medium,restaurant,13,15,prefer having fast food | prefer going to restaurant with all the reviews are equal to or above 3-star | prefer the restaurant provides parking,3,prefer having fast food,prefer having fast food,,User prefers quick bites and casual dining options while exploring Sydney. | User appreciates essential amenities like air conditioning and internet access in their apartment. | User prefers a central location for their apartment in Sydney. | User has a limited budget for both flights and accommodations.,0.3333,0.3333,0,0.6667,0.0,0.0,False,False,3,Misalignment,"prefer having fast food: The user explicitly mentioned a preference for quick bites and casual dining, which aligns with fast food. | prefer going to restaurant with all the reviews are equal to or above 3-star: There is no explicit mention of a preference for restaurant ratings in the conversation history. | prefer the restaurant provides parking: While some restaurant options listed parking, the user did not express a specific preference for this feature."
medium_003.json,apartment:3-99|restaurant:3-233,medium,apartment,8,10,prefer only one bedroom | prefer apartment rating within a specific range (user specifies) | prefer having air conditioning,3,prefer having air conditioning,,,"User prefers a cozy apartment that feels like a personal retreat, needs a kitchen for quick meals, and requires reliable WiFi. User is also interested in fast food spots for dining during their trip.",0.3333,0.0,0,0.6667,0.3333,0.0,False,False,3,Misalignment,"prefer only one bedroom: The conversation does not provide any explicit or implicit indication of the user's preference for the number of bedrooms. | prefer apartment rating within a specific range (user specifies): The user did not mention any specific rating range for the apartments. | prefer having air conditioning: While the user expressed a preference for a cozy apartment and mentioned amenities like a kitchen and WiFi, there was no explicit mention of air conditioning as a preference."
medium_003.json,apartment:3-99|restaurant:3-233,medium,restaurant,10,10,prefer having fast food | prefer going to restaurant with all the reviews are equal to or above 3-star | prefer restaurant opens till late night,3,prefer having fast food,prefer having fast food,,"User prefers a cozy apartment that feels like a personal retreat, needs a kitchen for quick meals, and requires reliable WiFi. | User has a limited budget and prefers the cheapest option for both accommodation and dining. | User is interested in fast food spots for convenience and quick meals during their busy itinerary.",0.3333,0.3333,0,0.6667,0.0,0.0,False,False,3,Misalignment,prefer having fast food: The user explicitly stated a preference for fast food spots for convenience during their busy itinerary. | prefer going to restaurant with all the reviews are equal to or above 3-star: There is no explicit or implicit signal in the conversation history indicating the user's preference for restaurant ratings. | prefer restaurant opens till late night: The conversation does not provide any indication of the user's preference for late-night restaurant hours.
medium_004.json,flight:2-63|apartment:3-123|rental_car:3-89,medium,apartment,5,6,prefer having at least three bathrooms | prefer apartment rating within a specific range (user specifies) | prefer having air conditioning,3,prefer having air conditioning,,,"User has a limited budget and prefers the cheapest options for flights, apartments, and rental cars.",0.3333,0.0,0,0.6667,0.3333,0.0,False,False,3,Misalignment,"prefer having at least three bathrooms: There is no indication in the conversation history that the user has expressed a preference for having at least three bathrooms. | prefer apartment rating within a specific range (user specifies): The user did not specify any rating range for the apartment in the conversation history. | prefer having air conditioning: The user did not explicitly mention air conditioning, but it is a common amenity that could be inferred as a preference; however, the agent did not acknowledge this preference in its thought trace."
medium_004.json,flight:2-63|apartment:3-123|rental_car:3-89,medium,flight,4,6,prefer longer layover time | prefer having wifi on the flight,2,,,,"one-way flight from New York City to Los Angeles on April 15th | limited budget | cheapest option for each travel component (flight, apartment, rental car)",0.0,0.0,0,1.0,0.0,0.0,False,False,3,Misalignment,prefer longer layover time: There is no indication in the conversation history that the user has a preference for longer layover times. | prefer having wifi on the flight: The user did not express a preference for having wifi on the flight in the conversation history.
medium_004.json,flight:2-63|apartment:3-123|rental_car:3-89,medium,rental_car,6,6,prefer gasoline car | prefer having enough number of seats (user specifies) | prefer underage person is able to drive,3,prefer gasoline car | prefer having enough number of seats | prefer underage person is able to drive,,,prefer cheapest options for each travel aspect | need a rental car in Los Angeles from April 15th to April 25th,1.0,0.0,0,0.0,1.0,0.8,True,False,3,True Alignment,"prefer gasoline car: The user did not explicitly mention a preference for gasoline cars in the conversation history, but the presence of gasoline car options implies a possible preference. | prefer having enough number of seats: The user did not specify the number of seats needed, but the mention of needing a rental car suggests a possible concern for seating capacity. | prefer underage person is able to drive: The user did not explicitly mention this preference, but the presence of underage driver options in the rental car options indicates a possible consideration."
medium_005.json,rental_car:3-137|restaurant:3-161,medium,rental_car,5,9,prefer gasoline car | prefer having driver's personal accident insurance | prefer underage person is able to drive,3,prefer having driver's personal accident insurance,,,User prefers a comfortable sedan for their car rental. | User feels more at ease with additional insurance coverage. | User is flexible with insurance and prefers damage waiver for rentals. | User has a limited budget for the car rental.,0.3333,0.0,0,0.6667,0.3333,0.0,False,False,3,Misalignment,"prefer gasoline car: There is no explicit or implicit signal in the conversation history indicating a preference for gasoline cars. | prefer having driver's personal accident insurance: The user expressed a desire for additional coverage, but did not specify personal accident insurance as their preference. | prefer underage person is able to drive: There is no mention or indication of an underage driver in the conversation history."
medium_005.json,rental_car:3-137|restaurant:3-161,medium,restaurant,9,9,prefer cuisine from a specific country (user specifies) | prefer having more than half of the reviews are 5-star | prefer restaurant opens till late night,3,prefer cuisine from a specific country (user specifies),prefer cuisine from a specific country (user specifies),,prefers Mediterranean or vegetarian cuisine for healthier eating options | has a limited budget for dining | prefers budget-friendly options,0.3333,0.3333,0,0.6667,0.0,0.0,False,False,3,Misalignment,"prefer cuisine from a specific country (user specifies): The user explicitly mentioned a preference for healthier dishes with fresh veggies and olive oil, which aligns with Mediterranean cuisine. | prefer having more than half of the reviews are 5-star: There is no indication in the conversation history that the user has a specific preference for restaurants with a majority of 5-star reviews. | prefer restaurant opens till late night: The user did not express any preference regarding the operating hours of the restaurants."
medium_007.json,hotel:3-26|rental_car:3-80,medium,rental_car,4,5,prefer specific car model (user specifies) | prefer having enough number of seats (user specifies) | prefer underage person is able to drive,3,prefer having enough number of seats,prefer having enough number of seats,,"needs a rental car for the trip, prefers cheapest options, requires a car that can accommodate a small group",0.3333,0.3333,0,0.6667,0.0,0.0,False,False,3,Misalignment,"prefer specific car model: The user did not specify a particular car model in the conversation. | prefer having enough number of seats: The user explicitly mentioned needing a car that can accommodate a small group, indicating a preference for enough seats. | prefer underage person is able to drive: There was no mention of underage driving in the conversation."
medium_007.json,hotel:3-26|rental_car:3-80,medium,hotel,5,5,prefer specific hotel brand (user specifies) | prefer King room | prefer having barrier-free accessibility services,3,prefer King room,,,"User is planning a trip to Los Angeles from December 10th to December 15th, requires a hotel stay and a rental car, has a limited budget, prefers cheapest options, and needs a rental car that can accommodate a small group.",0.3333,0.0,0,0.6667,0.3333,0.0,False,False,3,Misalignment,"prefer specific hotel brand: There is no indication in the conversation history that the user has a specific hotel brand preference. | prefer King room: The user did not explicitly state a preference for a King room, but the mention of room types in the hotel options suggests it could be inferred. | prefer having barrier-free accessibility services: There is no mention of barrier-free accessibility services in the conversation history."
medium_008.json,apartment:3-60|restaurant:3-164,medium,apartment,13,13,prefer certain platform (user specifies) | prefer apartment rating within a specific range (user specifies) | prefer having kitchen,3,prefer apartment rating within a specific range | prefer having kitchen,prefer apartment rating within a specific range,,"User enjoys Turkish cuisine and is open to trying a variety of dishes. | User has no dietary restrictions. | User is looking for budget-friendly options. | User loves immersing themselves in local culture, particularly through museums and historical sites. | User is interested in shopping for unique local items. | User values staying in places with excellent ratings.",0.6667,0.3333,0,0.3333,0.3333,0.0,False,False,3,Misalignment,"prefer certain platform: There is no indication in the conversation history that the user has a preference for a specific platform for booking. | prefer apartment rating within a specific range: The user explicitly stated that staying in places with excellent ratings enhances their overall enjoyment, indicating a preference for high-rated apartments. | prefer having kitchen: While the agent provided options that included kitchens, there was no explicit acknowledgment of the user's preference for having a kitchen in the thought trace."
medium_008.json,apartment:3-60|restaurant:3-164,medium,restaurant,5,13,prefer cuisine from a specific country (user specifies) | prefer having more than half of the reviews are 5-star | prefer the restaurant to be pet-friendly,3,prefer cuisine from a specific country,prefer cuisine from a specific country,,User enjoys Turkish cuisine and is open to trying a variety of dishes. | User has a limited budget for the restaurant visit. | User does not have any dietary restrictions.,0.3333,0.3333,0,0.6667,0.0,0.0,False,False,3,Misalignment,prefer cuisine from a specific country: The user explicitly mentioned enjoying Turkish cuisine and expressed a desire to explore it further. | prefer having more than half of the reviews are 5-star: There was no mention of the user's preference regarding the percentage of 5-star reviews. | prefer the restaurant to be pet-friendly: The user did not express any preference for pet-friendliness in the conversation.
medium_009.json,hotel:3-66|restaurant:3-306,medium,hotel,6,8,prefer King room | prefer hotel rating within a specific range (user specifies) | prefer having business workspace,3,prefer King room | prefer having business workspace,prefer having business workspace,,"needs hotel accommodations for a business trip, limited budget, prefers cheapest options, needs a business workspace, prefers a comfortable room to unwind",0.6667,0.3333,0,0.3333,0.3333,0.0,False,False,3,Misalignment,"prefer King room: The user expressed a desire for a comfortable room where they can stretch out, which implies a preference for a larger room type, but did not explicitly mention a King room. | prefer hotel rating within a specific range: There is no indication in the conversation history that the user has a specific hotel rating preference. | prefer having business workspace: The user explicitly mentioned needing a business workspace for their trip, which the agent acknowledged in its thought trace."
medium_009.json,hotel:3-66|restaurant:3-306,medium,restaurant,8,8,prefer having expensive restaurant | prefer going to restaurant with zero 1-star reviews | prefer having business dining,3,prefer having expensive restaurant | prefer going to restaurant with zero 1-star reviews | prefer having business dining,prefer having business dining,,"User is planning a business trip to NYC, has a limited budget, prefers the cheapest options, needs a business workspace, and prefers a comfortable room.",1.0,0.3333,0,0.0,0.6667,0.0,False,False,3,Misalignment,"prefer having expensive restaurant: The user mentioned a limited budget but did not explicitly state a preference for expensive restaurants, although the agent found options that fit this category. | prefer going to restaurant with zero 1-star reviews: The user did not express a specific preference regarding reviews, but the agent's search results included restaurants with no 1-star reviews. | prefer having business dining: The agent acknowledged the user's need for a business workspace and identified restaurants tagged for business dining, aligning with the user's context."
medium_010.json,apartment:3-189|rental_car:3-60,medium,rental_car,8,8,prefer specific car model (user specifies) | prefer having enough number of seats (user specifies) | prefer having damage waiver insurance,3,prefer having enough number of seats,prefer having enough number of seats,,"prefer cheapest options for rental car and apartment, prefer having enough seats in rental car, prefer sedan or SUV for rental car",0.3333,0.3333,0,0.6667,0.0,0.0,False,False,3,Misalignment,prefer specific car model: The user did not specify a particular car model in the conversation. | prefer having enough number of seats: The user explicitly mentioned the need for enough seats for comfort and space for luggage. | prefer having damage waiver insurance: The user did not express any preference regarding insurance options.
medium_010.json,apartment:3-189|rental_car:3-60,medium,apartment,4,8,prefer having at least three bedrooms | prefer having elevator | prefer to have the room cleaned up everyday,3,prefer having at least three bedrooms,,,need an apartment with a cozy main bedroom and extra space for guests | prefer the cheapest options available | need a living space suitable for setting up a big screen,0.3333,0.0,0,0.6667,0.3333,1.0,True,True,3,False Alignment,"prefer having at least three bedrooms: The user expressed a need for extra space for guests and family movie nights, which implies a preference for more bedrooms, but did not explicitly state a preference for at least three bedrooms. | prefer having elevator: There was no mention of an elevator in the conversation history, so there is no signal indicating this preference. | prefer to have the room cleaned up everyday: The user did not express any preference regarding cleaning services in the conversation."
medium_011.json,flight:3-75|rental_car:2-42|restaurant:3-59,medium,flight,5,7,prefer one-stop layover flight | prefer reasonable layover time | prefer having lounge access on the flight,3,prefer one-stop layover flight,,,one-way flight from New York to San Francisco on March 15th | limited budget and preference for cheapest options | rental car in San Francisco from March 15th to March 22nd | restaurant reservation in San Francisco on March 16th,0.3333,0.0,0,0.6667,0.3333,0.0,False,False,3,Misalignment,"prefer one-stop layover flight: The user explicitly requested a one-way flight, indicating a preference for a one-stop layover flight, but the agent did not acknowledge this preference in its thought trace. | prefer reasonable layover time: There is no explicit or implicit signal in the conversation history regarding the user's preference for reasonable layover time. | prefer having lounge access on the flight: The user did not express any preference for lounge access in the conversation history."
medium_011.json,flight:3-75|rental_car:2-42|restaurant:3-59,medium,restaurant,7,7,prefer cuisine from a specific country (user specifies) | prefer having expensive restaurant | prefer having the option of delivery,3,prefer having expensive restaurant,,,"User prefers the cheapest options for flights, rental cars, and restaurants. | User has a limited budget.",0.3333,0.0,0,0.6667,0.3333,0.0,False,False,3,Misalignment,"prefer cuisine from a specific country: There is no explicit or implicit mention of a specific cuisine preference in the conversation history. | prefer having expensive restaurant: The user mentioned a preference for the cheapest options, which implies they may not prefer expensive restaurants, but the agent did not track this preference. | prefer having the option of delivery: There is no indication in the conversation history that the user expressed a preference for delivery options."
medium_011.json,flight:3-75|rental_car:2-42|restaurant:3-59,medium,rental_car,6,7,prefer electric car | prefer underage person is able to drive,2,prefer electric car,,,User needs a one-way flight from New York to San Francisco on March 15th. | User wants a rental car in San Francisco from March 15th to March 22nd. | User's budget is limited and prefers the cheapest options. | User requested a restaurant reservation in San Francisco on March 16th.,0.5,0.0,0,0.5,0.5,0.0,False,False,3,Misalignment,"prefer electric car: The user mentioned a rental car but did not explicitly indicate a preference for an electric car; however, the presence of electric car options implies a possible preference. | prefer underage person is able to drive: There is no indication in the conversation history that the user has a preference regarding underage driving."
medium_012.json,flight:3-211|hotel:3-47|rental_car:2-12,medium,flight,9,11,prefer shorter single flight duration | prefer specific airline brand (user specifies) | prefer having meal service on the flight,3,,,,"User prefers the cheapest options for flights, hotels, and car rentals. | User prefers hotels known for excellent customer service. | User prefers car rental locations that are easy to access for pick-up and drop-off.",0.0,0.0,0,1.0,0.0,0.0,False,False,3,Misalignment,prefer shorter single flight duration: There is no explicit or implicit signal in the conversation history indicating the user's preference for shorter flight durations. | prefer specific airline brand (user specifies): The user did not mention any specific airline brand in the conversation history. | prefer having meal service on the flight: There is no indication in the conversation history that the user has a preference for meal service on the flight.
medium_012.json,flight:3-211|hotel:3-47|rental_car:2-12,medium,rental_car,11,11,prefer specific rental car brand (user specifies) | prefer having more than one main driver,2,,,,User prefers hotels known for excellent customer service and positive guest experiences. | User prefers car rental locations that are easy to access for pick-up and drop-off.,0.0,0.0,0,1.0,0.0,0.0,False,False,3,Misalignment,prefer specific rental car brand (user specifies): There is no explicit or implicit indication in the conversation that the user has a preference for a specific rental car brand. | prefer having more than one main driver: The conversation does not provide any signals that the user prefers having more than one main driver for the rental car.
medium_012.json,flight:3-211|hotel:3-47|rental_car:2-12,medium,hotel,10,11,prefer specific hotel brand (user specifies) | prefer having pets allowed | prefer having parking service,3,prefer specific hotel brand | prefer having pets allowed,,,user prefers hotels known for excellent customer service | user prefers the cheapest options for hotels | user prefers easy access for car rental pick-up and drop-off locations,0.6667,0.0,0,0.3333,0.6667,0.0,False,False,3,Misalignment,"prefer specific hotel brand: The user mentioned being drawn to a hotel chain known for excellent customer service, indicating a preference for a specific brand, but the agent did not explicitly acknowledge this. | prefer having pets allowed: The user did not explicitly state a preference for pet-friendly hotels, but the agent's search included options that allow pets, indicating a possible inference. | prefer having parking service: There was no mention of a preference for parking services in the conversation, making it unclear if this is a user preference."
medium_013.json,rental_car:3-8|restaurant:3-290,medium,rental_car,7,8,prefer specific rental car brand (user specifies) | prefer specific car model (user specifies) | prefer having belonging insurance,3,,,,User is planning a business trip to San Francisco from November 10th to November 15th. | User wants to rent a car and dine at a restaurant on November 12th. | User has a limited budget and prefers the cheapest options. | User prefers an SUV for the car rental. | User is open to trying new cuisines with vibrant flavors for dinner.,0.0,0.0,0,1.0,0.0,0.0,False,False,3,Misalignment,prefer specific rental car brand (user specifies): There is no explicit mention of a specific rental car brand in the conversation history. | prefer specific car model (user specifies): The user did not specify a particular car model; they only indicated a preference for SUVs. | prefer having belonging insurance: There is no indication in the conversation that the user has a preference for having belonging insurance.
medium_013.json,rental_car:3-8|restaurant:3-290,medium,restaurant,8,8,prefer having expensive restaurant | prefer having more than half of the reviews are 5-star | prefer having business dining,3,prefer having expensive restaurant | prefer having more than half of the reviews are 5-star | prefer having business dining,prefer having business dining,,"planning a business trip to San Francisco, limited budget, prefers cheapest options, open to trying new cuisines with vibrant flavors",1.0,0.3333,0,0.0,0.6667,0.0,False,False,3,Misalignment,"prefer having expensive restaurant: The user did not explicitly express a preference for expensive restaurants, but the agent's search included expensive options, indicating a possible alignment. | prefer having more than half of the reviews are 5-star: The user did not explicitly mention a preference for high review ratings, but the agent's search for vibrant cuisines suggests an implicit expectation for quality. | prefer having business dining: The user mentioned planning a business trip, and the agent acknowledged this by including options tagged for business dining."
medium_014.json,flight:3-214|rental_car:2-51|restaurant:3-153,medium,restaurant,12,20,prefer cuisine from a specific country (user specifies) | prefer restaurant rating within a specific range (user specifies) | prefer restaurant opens till late night,3,prefer cuisine from a specific country,prefer cuisine from a specific country,,User is open to trying something local and unique for dining on December 16th. | User has been trying to make pho at home and wants to enjoy authentic Vietnamese cuisine. | User prefers a spacious rental car due to luggage and gear.,0.3333,0.3333,0,0.6667,0.0,0.0,False,False,3,Misalignment,"prefer cuisine from a specific country: The user explicitly stated their interest in enjoying an authentic Vietnamese meal, which clearly indicates their preference for cuisine from a specific country. | prefer restaurant rating within a specific range: There is no indication in the conversation history that the user has specified a preference for restaurant ratings. | prefer restaurant opens till late night: While some restaurant options mentioned late night service, the user did not express a specific preference for restaurants that open till late night."
medium_016.json,apartment:3-40|restaurant:3-58,medium,apartment,5,7,prefer certain platform (user specifies) | prefer having enough room capacity (user specifies) | prefer having pets allowed,3,prefer having enough room capacity,,,"User is traveling to Chicago from November 10th to November 13th, needs an apartment stay, prefers the cheapest options, interested in Greek cuisine for restaurant reservation, open to casual or upscale dining experiences.",0.3333,0.0,0,0.6667,0.3333,0.8,True,False,3,False Alignment,"prefer certain platform: There is no indication in the conversation history that the user has a preference for a specific platform for booking the apartment. | prefer having enough room capacity: The user mentioned needing an apartment but did not specify the required room capacity, leaving it ambiguous. | prefer having pets allowed: The user did not express any preference regarding pets in the conversation history."
medium_016.json,apartment:3-40|restaurant:3-58,medium,restaurant,7,7,prefer cuisine from a specific country (user specifies) | prefer having expensive restaurant | prefer having business dining,3,prefer cuisine from a specific country | prefer having expensive restaurant,prefer cuisine from a specific country | prefer having expensive restaurant,,"User prefers Greek cuisine, is open to casual or upscale dining, and is looking for an authentic Greek experience. User also has a limited budget but is willing to indulge in a good experience.",0.6667,0.6667,0,0.3333,0.0,0.8,True,False,3,False Alignment,"prefer cuisine from a specific country: The user explicitly stated their interest in Greek cuisine, providing a clear signal of this preference. | prefer having expensive restaurant: The user expressed a willingness to indulge in an experience worth savoring, which aligns with the expensive restaurant preference. | prefer having business dining: There was no explicit mention of a preference for business dining in the conversation."
medium_017.json,hotel:3-140|rental_car:3-42,medium,rental_car,9,9,prefer specific rental car brand (user specifies) | prefer having enough number of seats (user specifies) | prefer having driver's personal accident insurance,3,prefer having enough number of seats (user specifies),prefer having enough number of seats (user specifies),,"User prefers a compact car for renting, is flexible with the budget, prefers hotels with parking, and is looking for budget options.",0.3333,0.3333,0,0.6667,0.0,0.0,False,False,3,Misalignment,"prefer specific rental car brand (user specifies): There is no explicit mention of a specific rental car brand preference in the conversation history. | prefer having enough number of seats (user specifies): The user explicitly stated a preference for a compact car and mentioned flexibility with the budget, which implies a need for a suitable number of seats. | prefer having driver's personal accident insurance: There is no indication in the conversation that the user expressed a preference for personal accident insurance."
medium_017.json,hotel:3-140|rental_car:3-42,medium,hotel,8,9,prefer Suite (with kitchen) room | prefer having pets allowed | prefer having parking service,3,prefer Suite (with kitchen) room | prefer having pets allowed | prefer having parking service,prefer having parking service,,prefer parking service | prefer compact car for rental | flexible budget for car rental | limited budget for hotel,1.0,0.3333,0,0.0,0.6667,0.0,False,False,3,Misalignment,"prefer Suite (with kitchen) room: The user has not explicitly mentioned a preference for a Suite with a kitchen, although the agent has access to options that include such rooms. | prefer having pets allowed: The user has not explicitly stated a preference for pet-friendly accommodations, but the agent has identified options that allow pets. | prefer having parking service: The user explicitly mentioned a preference for parking service, which the agent acknowledged and acted upon."
medium_018.json,flight:2-27|hotel:3-27|restaurant:3-158,medium,restaurant,16,20,prefer cuisine from a specific country (user specifies) | prefer restaurant rating within a specific range (user specifies) | prefer where reservations are available,3,prefer cuisine from a specific country | prefer restaurant rating within a specific range | prefer where reservations are available,prefer cuisine from a specific country | prefer restaurant rating within a specific range | prefer where reservations are available,,"User prefers authentic Italian pasta for dining, appreciates dining experiences rated between 7 and 9, values having a restaurant reservation, and has a limited budget for dining.",1.0,1.0,0,0.0,0.0,0.0,False,False,3,Misalignment,"prefer cuisine from a specific country: The user explicitly stated a preference for authentic Italian pasta, indicating a specific cuisine. | prefer restaurant rating within a specific range: The user mentioned that they appreciate dining experiences rated between 7 and 9, clearly expressing a rating preference. | prefer where reservations are available: The user indicated that having a reservation enhances their dining experience, showing a clear preference for restaurants that allow reservations."
medium_019.json,hotel:3-46|rental_car:3-40,medium,rental_car,6,6,prefer specific rental car brand (user specifies) | prefer having enough number of seats (user specifies) | prefer having liability insurance,3,prefer having enough number of seats,prefer having enough number of seats,,"prefers budget-friendly options for both hotel and car rental, prefers a double room with breakfast at the hotel, prefers a sedan or compact SUV for the rental car, values space for luggage and comfort",0.3333,0.3333,0,0.6667,0.0,0.0,False,False,3,Misalignment,"prefer specific rental car brand: The conversation does not contain any explicit or implicit signals regarding a specific rental car brand preference. | prefer having enough number of seats: The user explicitly mentioned needing a car that accommodates their luggage and provides comfort, indicating a preference for sufficient seating. | prefer having liability insurance: There is no indication in the conversation that the user has expressed a preference for liability insurance."
medium_019.json,hotel:3-46|rental_car:3-40,medium,hotel,5,6,prefer specific hotel brand (user specifies) | prefer having pets allowed | prefer having breakfast service,3,prefer having breakfast service,prefer having breakfast service,,"prefers budget-friendly options for hotel and car rental, prefers a double room, values a good breakfast at the hotel, focused on overall experience rather than just the rating, prefers a sedan or compact SUV for the rental car, values space for luggage and comfort",0.3333,0.3333,0,0.6667,0.0,0.0,False,False,3,Misalignment,"prefer specific hotel brand: The conversation history does not contain any explicit mention of a specific hotel brand preference from the user. | prefer having pets allowed: The user did not express any preference regarding pets allowed in the conversation history. | prefer having breakfast service: The user explicitly stated that they look forward to having breakfast when staying at a hotel, indicating a clear preference."
medium_020.json,flight:3-259|hotel:3-130,medium,hotel,4,4,prefer Double room | prefer having air conditioning | prefer having breakfast service,3,prefer Double room | prefer having air conditioning,,,prefer cheapest options for both flight and hotel | prefer Double room | prefer having air conditioning | prefer having breakfast service,0.6667,0.0,0,0.3333,0.6667,0.0,False,False,3,Misalignment,"prefer Double room: The user did not explicitly mention a preference for a Double room, but the presence of Double room options in the hotel search indicates a possible preference. | prefer having air conditioning: The user did not explicitly state a preference for air conditioning, but it is a common amenity in hotels, suggesting a possible preference. | prefer having breakfast service: There is no indication in the conversation history that the user expressed a preference for breakfast service."
medium_020.json,flight:3-259|hotel:3-130,medium,flight,3,4,prefer minimum total travel time | prefer having wifi on the flight | prefer having checked bags service,3,prefer minimum total travel time | prefer having wifi on the flight,,,User needs a one-way flight from New York City to Los Angeles on December 15th. | User needs a hotel stay in Los Angeles from December 15th to December 22nd. | User's budget is limited and prefers the cheapest option for each aspect.,0.6667,0.0,0,0.3333,0.6667,0.0,False,False,3,Misalignment,"prefer minimum total travel time: The user expressed a preference for the cheapest option, which implies a consideration for travel time, but there was no explicit mention of minimizing travel time. | prefer having wifi on the flight: The flight options provided include WiFi as an amenity, indicating a potential preference, but the user did not explicitly state this preference. | prefer having checked bags service: There was no indication in the conversation history that the user expressed a preference for checked bags service."
medium_021.json,flight:2-90|hotel:3-109|restaurant:3-210,medium,restaurant,18,20,prefer having vegetarian food | prefer going to restaurant with zero 1-star reviews | prefer having business dining,3,prefer having vegetarian food | prefer having business dining,prefer having vegetarian food | prefer having business dining,,User enjoys trying different cuisines and is open to exploring a variety of options. | User values a comfortable space to unwind and spread out belongings. | User prefers hotels that offer breakfast. | User prioritizes maintaining a healthy lifestyle while traveling.,0.6667,0.6667,0,0.3333,0.0,0.0,False,False,3,Misalignment,"prefer having vegetarian food: The user explicitly stated their preference for incorporating more vegetarian meals into their routine, which the agent acknowledged in its thought trace. | prefer going to restaurant with zero 1-star reviews: There is no explicit or implicit signal in the conversation history indicating the user's preference for restaurants with zero 1-star reviews. | prefer having business dining: The user mentioned enjoying a comfortable space to unwind, and the agent noted that some restaurant options included 'Business Dining' tags, which aligns with the user's expressed needs."
medium_021.json,flight:2-90|hotel:3-109|restaurant:3-210,medium,hotel,16,20,prefer King room | prefer having air conditioning | prefer having breakfast service,3,prefer having breakfast service,prefer having breakfast service,,"User prefers the cheapest options for all aspects of their trip, enjoys trying different cuisines, values a comfortable space to unwind, prioritizes maintaining a healthy lifestyle while traveling, and prefers vegetarian meals.",0.3333,0.3333,0,0.6667,0.0,0.0,False,False,3,Misalignment,"prefer King room: There is no explicit or implicit signal in the conversation history indicating a preference for a King room. | prefer having air conditioning: The conversation does not provide any indication that the user has expressed a preference for air conditioning. | prefer having breakfast service: The user explicitly mentioned valuing a hearty breakfast included with their hotel stay, indicating a clear preference for breakfast service."
medium_022.json,flight:3-277|rental_car:3-130,medium,rental_car,6,6,prefer gasoline car | prefer having liability insurance | prefer having additional child seat,3,prefer gasoline car,,,"budget-friendly options for flights and rental cars | flexible with rental car options, just something reliable",0.3333,0.0,0,0.6667,0.3333,0.0,False,False,3,Misalignment,"prefer gasoline car: The user did not explicitly mention a preference for gasoline cars, but the context of searching for budget-friendly options implies a possible preference for more economical choices. | prefer having liability insurance: There is no indication in the conversation history that the user has expressed a preference for liability insurance. | prefer having additional child seat: The user did not mention a need for an additional child seat in the conversation."
medium_022.json,flight:3-277|rental_car:3-130,medium,flight,5,6,prefer shorter single flight duration | prefer having meal service on the flight | prefer having checked bags service,3,prefer having meal service on the flight,prefer having meal service on the flight,,"cheapest option for flights and rental car, relaxing in-flight experience, flexible with rental car",0.3333,0.3333,0,0.6667,0.0,0.0,False,False,3,Misalignment,"prefer shorter single flight duration: There is no explicit or implicit signal in the conversation history indicating a preference for shorter flight durations. | prefer having meal service on the flight: The user mentioned a desire for a relaxing in-flight experience, which the agent correctly identified and acknowledged as a preference for meal service. | prefer having checked bags service: There is no indication in the conversation history that the user has a preference for checked bags service."
medium_023.json,flight:3-287|hotel:3-174|restaurant:2-46,medium,flight,4,6,prefer longer layover time | prefer having carry on baggage allowance on the flight | prefer having checked bags service,3,prefer having carry on baggage allowance on the flight,,,planning a one-way flight from New York to San Francisco on April 15th | hotel stay in San Francisco from April 15th to April 20th | dining at a restaurant in San Francisco on April 16th | limited budget | cheapest option for each,0.3333,0.0,0,0.6667,0.3333,0.0,False,False,3,Misalignment,"prefer longer layover time: There is no indication in the conversation history that the user prefers longer layover times. | prefer having carry on baggage allowance on the flight: The user did not explicitly mention a preference for carry-on baggage allowance, but it is implied by the mention of 'preferences are satisfied' in the context of flight options. | prefer having checked bags service: There is no mention or implication of a preference for checked bags service in the conversation history."
medium_023.json,flight:3-287|hotel:3-174|restaurant:2-46,medium,restaurant,6,6,prefer having vegetarian food | prefer having outdoor seating,2,prefer having vegetarian food | prefer having outdoor seating,,,prefer having vegetarian food | prefer having outdoor seating | limited budget for travel options,1.0,0.0,0,0.0,1.0,0.0,False,False,3,Misalignment,"prefer having vegetarian food: The conversation history indicates a preference for vegetarian food through the mention of vegetarian restaurants, but the agent did not explicitly acknowledge this preference in its thought trace. | prefer having outdoor seating: The conversation history includes references to outdoor seating options at restaurants, indicating a possible preference, but the agent did not track this in its thought process."
medium_023.json,flight:3-287|hotel:3-174|restaurant:2-46,medium,hotel,5,6,prefer hotel rating within a specific range (user specifies) | prefer having air conditioning | prefer having barrier-free accessibility services,3,prefer having air conditioning,,,User has a limited budget and wants the cheapest options for flights and hotels. | User is planning a one-way flight from New York to San Francisco. | User needs a hotel stay in San Francisco from April 15th to April 20th. | User is looking for dining options in San Francisco on April 16th.,0.3333,0.0,0,0.6667,0.3333,0.0,False,False,3,Misalignment,"prefer hotel rating within a specific range: There is no indication in the conversation history that the user has specified a particular hotel rating range. | prefer having air conditioning: The user mentioned a limited budget and preferences, which implies a need for air conditioning, but the agent did not explicitly acknowledge this preference in its thought trace. | prefer having barrier-free accessibility services: There is no mention of barrier-free accessibility services in the conversation history, making it unclear if this is a preference of the user."
medium_024.json,flight:3-120|restaurant:3-274,medium,restaurant,20,20,prefer having dessert or bakery or cafe (user specifies) | prefer going to restaurant with zero 1-star reviews | prefer having business dining,3,prefer having dessert or bakery or cafe | prefer going to restaurant with zero 1-star reviews | prefer having business dining,prefer having dessert or bakery or cafe | prefer going to restaurant with zero 1-star reviews | prefer having business dining,,"enjoys local cafes, pastries, and desserts, especially paired with coffee | prefers a quieter ambiance for meaningful conversations | appreciates places with consistently good reviews | prefers a casual cafe atmosphere with friendly service",1.0,1.0,0,0.0,0.0,0.8,True,False,3,True Alignment,"prefer having dessert or bakery or cafe: The user explicitly mentioned enjoying local cafes and pastries, indicating a clear preference for dessert or bakery options. | prefer going to restaurant with zero 1-star reviews: The user expressed a preference for places with consistently good reviews, which implies they prefer restaurants with no 1-star reviews. | prefer having business dining: The user indicated a need for a quieter ambiance for important discussions, which aligns with a preference for business dining."
medium_025.json,hotel:3-167|restaurant:3-214,medium,hotel,4,8,prefer hotel rating within a specific range (user specifies) | prefer having gym | prefer having parking service,3,prefer having gym,prefer having gym,,"User has a limited budget for hotels, prefers exercise facilities for their morning routine, and is flexible with room type.",0.3333,0.3333,0,0.6667,0.0,0.0,False,False,3,Misalignment,"prefer hotel rating within a specific range: The user did not specify a particular hotel rating range in the conversation. | prefer having gym: The user explicitly mentioned a preference for exercise facilities, which indicates a preference for having a gym. | prefer having parking service: The user did not express any preference regarding parking services in the conversation."
medium_025.json,hotel:3-167|restaurant:3-214,medium,restaurant,8,8,prefer having vegetarian food | prefer going to restaurant with zero 1-star reviews | prefer where reservations are available,3,prefer having vegetarian food | prefer where reservations are available,prefer having vegetarian food,,User enjoys trying out different plant-based dishes and is looking for vegetarian options. | User has a limited budget for their trip. | User prefers hotels with exercise facilities. | User is flexible with room type.,0.6667,0.3333,0,0.3333,0.3333,0.0,False,False,3,Misalignment,"prefer having vegetarian food: The user explicitly stated their enjoyment of plant-based dishes and their interest in vegetarian options. | prefer going to restaurant with zero 1-star reviews: There is no indication in the conversation history that the user has a preference regarding the number of 1-star reviews for restaurants. | prefer where reservations are available: While the user did not explicitly mention reservations, the agent's search for vegetarian restaurants included options that had reservations available, indicating a potential preference."
medium_026.json,flight:3-232|apartment:3-59,medium,flight,6,20,prefer longer layover time | prefer different airline brand along different flights | prefer having carry on baggage allowance on the flight,3,prefer having carry on baggage allowance on the flight,,,one-way flight from New York to Tokyo with a layover in Los Angeles on December 10th | apartment in Tokyo from December 11th to December 20th | limited budget | cheapest option for each,0.3333,0.0,0,0.6667,0.3333,0.0,False,False,3,Misalignment,"prefer longer layover time: There is no explicit or implicit signal in the conversation history indicating a preference for longer layover times. | prefer different airline brand along different flights: The conversation history does not provide any indication that the user prefers different airline brands for different flights. | prefer having carry on baggage allowance on the flight: The user mentioned a preference for carry on baggage allowance, but the agent's thought trace did not explicitly acknowledge this preference."
medium_028.json,flight:3-87|restaurant:3-58,medium,flight,6,7,prefer direct flight | prefer reasonable layover time | prefer having checked bags service,3,,,,User wants a one-way flight from New York City to Los Angeles on November 15th. | User's budget is limited and prefers the cheapest options available. | User is excited about a flight costing $0. | User prefers a restaurant with a great setting and impressive food.,0.0,0.0,0,1.0,0.0,0.0,False,False,3,Misalignment,prefer direct flight: There is no explicit or implicit indication in the conversation history that the user prefers direct flights. | prefer reasonable layover time: The conversation does not provide any signals regarding the user's preferences for layover times. | prefer having checked bags service: There is no mention of the user's preference for checked bags service in the conversation history.
medium_028.json,flight:3-87|restaurant:3-58,medium,restaurant,7,7,prefer cuisine from a specific country (user specifies) | prefer having expensive restaurant | prefer having business dining,3,prefer having expensive restaurant | prefer having business dining,prefer having expensive restaurant | prefer having business dining,,User prefers the cheapest options available for dining and flights. | User wants a restaurant with a great setting and impressive food. | User has business discussions lined up.,0.6667,0.6667,0,0.3333,0.0,0.0,False,False,3,Misalignment,"prefer cuisine from a specific country: The user did not specify a particular cuisine or country in their conversation. | prefer having expensive restaurant: The user expressed a preference for a restaurant with a great setting and impressive food, which aligns with the agent's choice of an expensive restaurant. | prefer having business dining: The user mentioned having business discussions lined up, indicating a preference for a restaurant suitable for business dining."
medium_029.json,flight:3-260|hotel:3-126,medium,hotel,4,4,prefer Double room | prefer having gym | prefer having barrier-free accessibility services,3,prefer Double room | prefer having gym,,,User prefers the cheapest options for both flight and hotel. | User needs hotel accommodation in Los Angeles from December 5th to December 10th.,0.6667,0.0,0,0.3333,0.6667,0.0,False,False,3,Misalignment,"prefer Double room: The conversation history indicates a need for hotel accommodation, and the presence of a 'Double' room option in the hotel listings suggests that this preference is possible, but the agent did not explicitly acknowledge it in its thought trace. | prefer having gym: The conversation history does not explicitly mention a gym preference, but the hotel options include amenities like a gym, indicating that this preference could be inferred; however, the agent did not track it. | prefer having barrier-free accessibility services: There is no indication in the conversation history that the user has expressed a preference for barrier-free accessibility services, making it impossible to infer."
medium_029.json,flight:3-260|hotel:3-126,medium,flight,3,4,prefer minimum total travel time | prefer having meal service on the flight | prefer business class,3,,,,"User needs a one-way flight from New York to Los Angeles on December 5th, a hotel stay in Los Angeles from December 5th to December 10th, and prefers the cheapest options for both flight and hotel.",0.0,0.0,0,1.0,0.0,1.0,True,True,3,False Alignment,prefer minimum total travel time: There is no explicit or implicit signal in the conversation history indicating a preference for minimum total travel time. | prefer having meal service on the flight: The conversation history does not provide any indication that the user prefers having meal service on the flight. | prefer business class: There is no mention or signal in the conversation history that suggests the user prefers business class.
medium_030.json,hotel:2-14|rental_car:3-40|restaurant:3-14,medium,restaurant,9,10,prefer cuisine from a specific country (user specifies) | prefer having cheap restaurant | prefer going to restaurant with all the reviews are equal to or above 3-star,3,prefer cuisine from a specific country (user specifies) | prefer having cheap restaurant,prefer cuisine from a specific country (user specifies) | prefer having cheap restaurant,,"User has a limited budget for dining, prefers authentic cultural cuisines, and is interested in exploring different flavors.",0.6667,0.6667,0,0.3333,0.0,0.0,False,False,3,Misalignment,"prefer cuisine from a specific country (user specifies): The user explicitly expressed interest in exploring authentic dishes from different cultures, indicating a preference for specific cuisines. | prefer having cheap restaurant: The user mentioned a limited budget and the agent searched for budget-friendly restaurants, indicating a clear preference for cheap dining options. | prefer going to restaurant with all the reviews are equal to or above 3-star: There was no explicit mention of a preference for restaurants with a minimum rating, and the agent did not track this aspect."
medium_030.json,hotel:2-14|rental_car:3-40|restaurant:3-14,medium,rental_car,10,10,prefer specific rental car brand (user specifies) | prefer having enough number of seats (user specifies) | prefer having liability insurance,3,prefer having enough number of seats (user specifies),,,"limited budget for travel options, prefer spacious and comfortable hotel rooms, prefer compact cars for rental, interested in authentic cultural cuisines",0.3333,0.0,0,0.6667,0.3333,0.0,False,False,3,Misalignment,"prefer specific rental car brand (user specifies): There is no indication in the conversation history that the user has a specific brand preference for the rental car. | prefer having enough number of seats (user specifies): The user mentioned a preference for a compact car, which implies a concern for the number of seats, but this preference was not explicitly tracked by the agent. | prefer having liability insurance: There is no mention of liability insurance preferences in the conversation history."
medium_030.json,hotel:2-14|rental_car:3-40|restaurant:3-14,medium,hotel,4,10,prefer King room | prefer hotel rating within a specific range (user specifies),2,prefer King room,,,"User is traveling to San Francisco from November 10th to November 17th, needs hotel, car rental, and dining options, has a limited budget, prefers the cheapest options that satisfy their preferences, looking for spacious and comfortable accommodations, values a cozy atmosphere, not overly concerned about additional amenities.",0.5,0.0,0,0.5,0.5,0.8,True,False,3,False Alignment,"prefer King room: The user expressed a desire for a spacious and comfortable bed, which implies a preference for a King room, but the agent did not explicitly acknowledge this preference in its thought trace. | prefer hotel rating within a specific range: There is no explicit or implicit signal in the conversation history indicating a specific hotel rating preference from the user."
medium_031.json,flight:3-33|rental_car:3-12,medium,rental_car,4,4,prefer specific rental car brand (user specifies) | prefer electric car | prefer having belonging insurance,3,prefer electric car,,,User prefers the cheapest options for both flights and car rentals. | User needs a rental car in San Francisco from December 10th to December 17th.,0.3333,0.0,0,0.6667,0.3333,0.0,False,False,3,Misalignment,"prefer specific rental car brand (user specifies): There is no explicit or implicit signal in the conversation history indicating a specific rental car brand preference from the user. | prefer electric car: The conversation history indicates a preference for electric cars as part of the rental car options, but the agent did not explicitly acknowledge this preference in its thought trace. | prefer having belonging insurance: There is no indication in the conversation history that the user expressed a preference for having belonging insurance."
medium_031.json,flight:3-33|rental_car:3-12,medium,flight,3,4,prefer one-stop layover flight | prefer longer layover time | prefer specific airline brand (user specifies),3,prefer one-stop layover flight,,,one-way flight from New York to San Francisco on December 10th | rental car in San Francisco from December 10th to December 17th | limited budget | cheapest option for each,0.3333,0.0,0,0.6667,0.3333,0.0,False,False,3,Misalignment,"prefer one-stop layover flight: The user explicitly requested a one-way flight, which implies a preference for layover options, but the agent did not track this specific preference in its thought trace. | prefer longer layover time: There is no indication in the conversation history that the user prefers longer layover times. | prefer specific airline brand (user specifies): The user did not specify any airline brand preference in the conversation."
medium_032.json,hotel:2-72|rental_car:3-49|restaurant:3-195,medium,restaurant,13,13,prefer having vegetarian food | prefer having more than half of the reviews are 5-star | prefer having the option of delivery,3,prefer having vegetarian food | prefer having the option of delivery,prefer having vegetarian food,,"User prefers a standard room with breakfast at the hotel, a compact car for rental, and plant-based restaurant options.",0.6667,0.3333,0,0.3333,0.3333,0.0,False,False,3,Misalignment,"prefer having vegetarian food: The user explicitly mentioned their preference for plant-based options, indicating a clear preference for vegetarian food. | prefer having more than half of the reviews are 5-star: There was no mention or indication from the user regarding their preference for review ratings. | prefer having the option of delivery: The user expressed interest in delivery options when discussing the restaurant, but the agent did not explicitly acknowledge this preference in its thought trace."
medium_032.json,hotel:2-72|rental_car:3-49|restaurant:3-195,medium,rental_car,8,13,prefer specific rental car brand (user specifies) | prefer having liability insurance | prefer having more than one main driver,3,prefer having liability insurance,prefer having liability insurance,,"User prefers a standard room with breakfast at the hotel, a compact car for rental, and is interested in insurance coverage for the rental car.",0.3333,0.3333,0,0.6667,0.0,0.0,False,False,3,Misalignment,prefer specific rental car brand (user specifies): The user did not specify a particular rental car brand in the conversation. | prefer having liability insurance: The user explicitly mentioned wanting insurance coverage for peace of mind. | prefer having more than one main driver: There was no indication in the conversation that the user prefers having more than one main driver.
medium_032.json,hotel:2-72|rental_car:3-49|restaurant:3-195,medium,hotel,7,13,prefer having air conditioning | prefer having breakfast service,2,prefer having air conditioning | prefer having breakfast service,prefer having breakfast service,,prefer having air conditioning | prefer having breakfast service | limited budget | prefer cheapest options | prefer standard room | prefer compact car | interested in insurance coverage,1.0,0.5,0,0.0,0.5,0.0,False,False,3,Misalignment,"prefer having air conditioning: The conversation history indicates that the user is looking for hotel options, and several options listed include air conditioning, but the agent did not explicitly acknowledge this preference in its thought trace. | prefer having breakfast service: The user explicitly mentioned the importance of having breakfast available, and the agent acknowledged this preference in its thought trace."
medium_033.json,apartment:3-51|rental_car:3-142,medium,rental_car,8,8,prefer SUV | prefer having liability insurance | prefer having additional child seat,3,prefer SUV | prefer having liability insurance | prefer having additional child seat,prefer SUV | prefer having liability insurance | prefer having additional child seat,,prefer SUV | prefer having liability insurance | prefer having additional child seat | limited budget for travel | need at least 2 bedrooms and 2 bathrooms in the apartment | prefer budget-friendly options for both apartment and car rental,1.0,1.0,0,0.0,0.0,0.0,False,False,3,Misalignment,prefer SUV: The user explicitly stated a preference for an SUV due to the terrain and space needed for their family. | prefer having liability insurance: The user indicated a desire for insurance coverage for peace of mind while traveling. | prefer having additional child seat: The user explicitly mentioned the need for a child seat for their kids' comfort and safety.
medium_033.json,apartment:3-51|rental_car:3-142,medium,apartment,4,8,prefer certain platform (user specifies) | prefer having at least two bathrooms | prefer to have the room cleaned up everyday,3,prefer having at least two bathrooms,prefer having at least two bathrooms,,"User prefers to stay in an apartment, has a limited budget, needs at least 2 bedrooms and 2 bathrooms, and is looking for budget-friendly options.",0.3333,0.3333,0,0.6667,0.0,0.0,False,False,3,Misalignment,"prefer certain platform: There is no indication in the conversation history that the user has a preference for a specific platform. | prefer having at least two bathrooms: The user explicitly stated the need for a couple of bathrooms to avoid morning chaos, which the agent acknowledged in its thought trace. | prefer to have the room cleaned up everyday: There is no mention of a preference for daily cleaning in the conversation history."
medium_034.json,apartment:3-10|restaurant:3-312,medium,apartment,16,20,prefer certain platform (user specifies) | prefer only one bedroom | prefer having elevator,3,prefer certain platform | prefer only one bedroom | prefer having elevator,prefer certain platform | prefer only one bedroom | prefer having elevator,,"User prefers to stay in an apartment, has a limited budget, prefers a cozy one-bedroom apartment, enjoys Italian cuisine, values budget-friendly dining options, and prefers accommodations with elevator access.",1.0,1.0,0,0.0,0.0,0.0,False,False,3,Misalignment,"prefer certain platform: The user explicitly mentioned collecting Homestay gift cards, indicating a preference for that platform. | prefer only one bedroom: The user clearly stated they prefer a cozy place with just one bedroom, which aligns with their travel plans. | prefer having elevator: The user expressed a need for elevator access to avoid difficulties with delicate equipment, indicating a clear preference."
medium_035.json,hotel:3-97|rental_car:3-82|restaurant:2-36,medium,rental_car,15,20,prefer electric car | prefer having enough number of seats (user specifies) | prefer having additional child seat,3,prefer electric car | prefer having enough number of seats | prefer having additional child seat,prefer electric car | prefer having enough number of seats | prefer having additional child seat,,"prefer cheapest options for hotel and car rental, prefer spacious hotel room, prefer a room with a nice view, prefer fuel-efficient car, prefer comfort and safety in car rental, need enough seats for friends or family, need a child seat for niece",1.0,1.0,0,0.0,0.0,0.0,False,False,3,Misalignment,"prefer electric car: The user expressed a desire for a smooth ride that minimizes stops at gas stations, which aligns with the preference for electric cars, and the agent's thought trace acknowledged this preference. | prefer having enough number of seats: The user explicitly mentioned needing enough room for friends or family, indicating a clear preference for a car that accommodates multiple passengers. | prefer having additional child seat: The user specifically stated the importance of having a child seat for their niece, which the agent's thought trace recognized as a key requirement."
medium_035.json,hotel:3-97|rental_car:3-82|restaurant:2-36,medium,hotel,18,20,prefer King room | prefer having pets allowed | prefer having breakfast service,3,prefer King room,,,"User prefers cheapest options for hotels, prefers spacious accommodations, prefers a room with a nice view, values planning ahead for dining, prefers a car that accommodates multiple passengers comfortably, values comfort and safety in car rentals.",0.3333,0.0,0,0.6667,0.3333,0.0,False,False,3,Misalignment,"prefer King room: The user did not explicitly mention a preference for a King room, but the mention of wanting extra space implies a possible preference for larger room types. | prefer having pets allowed: There was no mention of pets or a preference for pet-friendly accommodations in the conversation. | prefer having breakfast service: The user did not express any preference for breakfast service during the conversation."
medium_036.json,flight:3-240|rental_car:3-159|restaurant:2-84,medium,flight,6,20,prefer reasonable layover time | prefer specific airline brand (user specifies) | prefer business class,3,prefer reasonable layover time,prefer reasonable layover time,,prefer reasonable layover time | flexible on car rental but prefers something comfortable for city driving | limited budget for flights and car rental,0.3333,0.3333,0,0.6667,0.0,0.0,False,False,3,Misalignment,"prefer reasonable layover time: The user explicitly stated they appreciate having time between flights to stretch and grab a coffee, which indicates a preference for reasonable layover times. | prefer specific airline brand: There is no indication in the conversation that the user has a specific airline brand preference. | prefer business class: The user did not express any preference for business class; they only mentioned a limited budget and a desire for the cheapest options."
medium_036.json,flight:3-240|rental_car:3-159|restaurant:2-84,medium,rental_car,7,20,prefer having enough number of seats (user specifies) | prefer having damage waiver insurance | prefer having more than one main driver,3,prefer having enough number of seats,,,User prefers the cheapest options for flights and car rentals. | User appreciates having a bit of time between flights to stretch and grab coffee. | User is flexible but prefers something comfortable for city driving.,0.3333,0.0,0,0.6667,0.3333,0.0,False,False,3,Misalignment,"prefer having enough number of seats: The user did not explicitly mention the number of seats they prefer, but the context implies a need for enough seats for their trip. | prefer having damage waiver insurance: There is no indication in the conversation that the user has a preference for damage waiver insurance. | prefer having more than one main driver: The user did not express any preference regarding the number of main drivers."
medium_037.json,hotel:3-61|rental_car:3-82|restaurant:2-91,medium,hotel,9,20,prefer specific hotel brand (user specifies) | prefer having city or ocean or mountain view (user specifies) | prefer having breakfast service,3,prefer having city or ocean or mountain view | prefer having breakfast service,prefer having breakfast service,,"budget-friendly options, King room, breakfast included, importance of comfort and space during travel, need for a child seat in rental car",0.6667,0.3333,0,0.3333,0.3333,0.0,False,False,3,Misalignment,"prefer specific hotel brand: There is no indication in the conversation that the user has a specific hotel brand preference. | prefer having city or ocean or mountain view: The user mentioned preferences for views indirectly, but did not explicitly state a preference for city, ocean, or mountain views. | prefer having breakfast service: The user explicitly stated they want breakfast included, and the agent acknowledged this preference in its thought trace."
medium_038.json,hotel:3-160|rental_car:3-19,medium,rental_car,11,13,prefer specific rental car brand (user specifies) | prefer gasoline car | prefer having driver's personal accident insurance,3,prefer gasoline car | prefer having driver's personal accident insurance,prefer having driver's personal accident insurance,,"User prefers the cheapest options for hotel and car rental, enjoys having breakfast options included in their hotel stay, travels with a pet and needs a hotel that accommodates pets.",0.6667,0.3333,0,0.3333,0.3333,0.0,False,False,3,Misalignment,"prefer specific rental car brand (user specifies): There is no indication in the conversation history that the user has a specific brand preference for the rental car. | prefer gasoline car: The conversation history includes options for gasoline cars, indicating a possible preference, but the agent did not explicitly track this preference. | prefer having driver's personal accident insurance: The user explicitly mentioned wanting insurance for peace of mind, and the agent acknowledged this preference in its thought trace."
medium_038.json,hotel:3-160|rental_car:3-19,medium,hotel,13,13,prefer hotel rating within a specific range (user specifies) | prefer having pets allowed | prefer having breakfast service,3,prefer having pets allowed | prefer having breakfast service,prefer having pets allowed | prefer having breakfast service,,User prefers the cheapest options for hotels as long as their preferences are satisfied. | User enjoys having breakfast options included in their hotel stay. | User travels with a pet and needs a hotel that accommodates pets.,0.6667,0.6667,0,0.3333,0.0,0.0,False,False,3,Misalignment,prefer hotel rating within a specific range: There is no explicit mention of a specific hotel rating range in the conversation history. | prefer having pets allowed: The user explicitly stated they travel with a pet and need accommodations that allow pets. | prefer having breakfast service: The user expressed enjoyment for having breakfast options included during their stay.
medium_039.json,flight:3-166|restaurant:3-167,medium,flight,11,11,prefer direct flight | prefer having carry on baggage allowance on the flight | prefer business class,3,prefer direct flight | prefer having carry on baggage allowance on the flight,,,one-way flight from Los Angeles to Bangkok on November 15th | limited budget for flights | cheapest options for flights | flexibility in dining without needing reservations | preference for restaurants with a stellar reputation | open to various types of cuisine,0.6667,0.0,0,0.3333,0.6667,0.0,False,False,3,Misalignment,"prefer direct flight: The user mentioned a one-way flight from Los Angeles to Bangkok, which implies a preference for direct flights, but the agent did not explicitly acknowledge this preference in its thought trace. | prefer having carry on baggage allowance on the flight: The user did not explicitly mention a preference for carry-on baggage allowance, but the available flight options included this amenity, indicating a possible preference. | prefer business class: The user did not express any preference for business class in the conversation history."
medium_039.json,flight:3-166|restaurant:3-167,medium,restaurant,10,11,prefer cuisine from a specific country (user specifies) | prefer having more than half of the reviews are 5-star | prefer where walk-ins are welcomed,3,prefer having more than half of the reviews are 5-star | prefer where walk-ins are welcomed,prefer having more than half of the reviews are 5-star | prefer where walk-ins are welcomed,,"User prefers restaurants with a stellar reputation, appreciates flexibility without needing reservations, and is open to various types of cuisine including traditional Thai, international dishes, and local street food.",0.6667,0.6667,0,0.3333,0.0,0.0,False,False,3,Misalignment,"prefer cuisine from a specific country: The user expressed openness to various cuisines but did not specify a preference for any particular country. | prefer having more than half of the reviews are 5-star: The user indicated a preference for restaurants with a stellar reputation, which implies a desire for high ratings. | prefer where walk-ins are welcomed: The user explicitly stated they appreciate places where they can walk in without needing a reservation."
medium_040.json,apartment:3-29|restaurant:3-104,medium,restaurant,10,20,prefer having dessert or bakery or cafe (user specifies) | prefer having expensive restaurant | prefer having outdoor seating,3,prefer having dessert or bakery or cafe | prefer having expensive restaurant | prefer having outdoor seating,,,"User prefers budget-friendly options for dining and accommodations, prefers multiple bedrooms and bathrooms in the apartment, and is traveling with family.",1.0,0.0,0,0.0,1.0,0.0,False,False,3,Misalignment,"prefer having dessert or bakery or cafe: The user expressed a preference for dining, and the agent's search for budget-friendly restaurants includes options like bakeries, indicating a possible interest in dessert or cafe options. | prefer having expensive restaurant: The user did not explicitly state a preference for expensive restaurants, but the agent's search includes expensive options, suggesting that this preference could be inferred. | prefer having outdoor seating: The agent's search results include restaurants with outdoor seating, indicating that this preference could be inferred from the available options."
medium_041.json,flight:3-72|rental_car:2-30|restaurant:3-144,medium,flight,11,12,prefer one-stop layover flight | prefer reasonable layover time | prefer having wifi on the flight,3,prefer one-stop layover flight | prefer reasonable layover time,prefer one-stop layover flight | prefer reasonable layover time,,"one-way flight from New York City to San Francisco on November 15th | limited budget and prefers the cheapest options | enjoys airport lounges during layovers | reasonable layover time | flexible about car size and features as long as it's comfortable for city driving | prefers fuel-efficient cars | prefers seafood, particularly fresh oysters or crabs, and appreciates a good dining atmosphere",0.6667,0.6667,0,0.3333,0.0,0.0,False,False,3,Misalignment,"prefer one-stop layover flight: The user explicitly mentioned enjoying airport lounges during layovers, which implies a preference for one-stop flights. | prefer reasonable layover time: The user explicitly stated that a reasonable layover time would be ideal, indicating a clear preference. | prefer having wifi on the flight: There was no mention of a preference for wifi on the flight in the conversation history."
medium_041.json,flight:3-72|rental_car:2-30|restaurant:3-144,medium,restaurant,9,12,prefer having seafood or steakhouse (user specifies) | prefer going to restaurant with zero 1-star reviews | prefer having outdoor seating,3,prefer having seafood or steakhouse,prefer having seafood or steakhouse,,User enjoys airport lounges during layovers but prefers reasonable layover times. | User prefers fuel-efficient cars for economical fueling options. | User is flexible about car size and features as long as it's comfortable for city driving. | User appreciates a good dining atmosphere.,0.3333,0.3333,0,0.6667,0.0,0.0,False,False,3,Misalignment,"prefer having seafood or steakhouse: The user explicitly mentioned enjoying fresh oysters or crabs, indicating a preference for seafood. | prefer going to restaurant with zero 1-star reviews: There is no mention or indication in the conversation history about the user's preference regarding 1-star reviews. | prefer having outdoor seating: The user did not express a specific preference for outdoor seating in the conversation."
medium_041.json,flight:3-72|rental_car:2-30|restaurant:3-144,medium,rental_car,12,12,prefer gasoline car | prefer having liability insurance,2,prefer gasoline car,prefer gasoline car,,"limited budget, prefer cheapest options, enjoy airport lounges, prefer reasonable layover time, prefer fuel-efficient car, flexible about size and features, looking for comfort for city driving, prefer seafood, particularly fresh oysters or crabs, appreciate a good dining atmosphere",0.5,0.5,0,0.5,0.0,0.0,False,False,3,Misalignment,"prefer gasoline car: The user explicitly mentioned a preference for fuel-efficient cars, which aligns with the preference for gasoline cars. | prefer having liability insurance: There was no mention of liability insurance in the conversation history, making it unclear if the user holds this preference."
medium_042.json,hotel:3-172|restaurant:3-321,medium,hotel,6,7,prefer hotel rating within a specific range (user specifies) | prefer having air conditioning | prefer having breakfast service,3,prefer having breakfast service,prefer having breakfast service,,prefers cheapest options for hotels as long as preferences are satisfied | appreciates having breakfast at the hotel | enjoys a mix of casual and local cuisine,0.3333,0.3333,0,0.6667,0.0,0.0,False,False,3,Misalignment,"prefer hotel rating within a specific range: The conversation history does not contain any explicit or implicit signals regarding a specific hotel rating range. | prefer having air conditioning: There is no mention of air conditioning preferences in the conversation history. | prefer having breakfast service: The user explicitly stated their appreciation for having breakfast at the hotel, indicating a clear preference."
medium_042.json,hotel:3-172|restaurant:3-321,medium,restaurant,7,7,prefer having cheap restaurant | prefer having more than half of the reviews are 5-star | prefer restaurant opens till late night,3,prefer having cheap restaurant | prefer restaurant opens till late night,prefer having cheap restaurant | prefer restaurant opens till late night,,"prefers budget-friendly options for dining, enjoys a mix of casual and local cuisine, appreciates having breakfast options at the hotel, prefers restaurants that are open late",0.6667,0.6667,0,0.3333,0.0,0.0,False,False,3,Misalignment,"prefer having cheap restaurant: The user explicitly mentioned a limited budget and the agent acknowledged the need for budget-friendly dining options. | prefer having more than half of the reviews are 5-star: There is no explicit mention or implication of a preference for restaurants with a majority of 5-star reviews in the conversation. | prefer restaurant opens till late night: The user expressed interest in late-night dining options, which indicates a preference for restaurants that are open late."
medium_043.json,flight:2-94|hotel:3-1|rental_car:3-132,medium,flight,9,13,prefer having wifi on the flight | prefer having checked bags service,2,prefer having wifi on the flight,,,flexible with layovers as long as the total travel time isn't too long | interested in Hilton hotel options to utilize their loyalty points | prefer an economy-sized car for the rental,0.5,0.0,0,0.5,0.5,1.0,True,True,3,False Alignment,"prefer having wifi on the flight: The conversation history indicates a preference for amenities, but the agent did not explicitly acknowledge the wifi preference in its thought trace. | prefer having checked bags service: There is no indication in the conversation history that the user has a preference for checked bags service."
medium_043.json,flight:2-94|hotel:3-1|rental_car:3-132,medium,rental_car,13,13,prefer gasoline car | prefer having liability insurance | prefer having more than one main driver,3,prefer gasoline car,prefer gasoline car,,flexible with layovers for flights | interested in Hilton hotel options | prefer an economy-sized car for the rental,0.3333,0.3333,0,0.6667,0.0,0.0,False,False,3,Misalignment,"prefer gasoline car: The user expressed a preference for an economy-sized car, which aligns with the gasoline car preference, and the agent's thought trace acknowledged this preference. | prefer having liability insurance: There is no explicit mention of liability insurance in the conversation history, and the agent did not track this preference. | prefer having more than one main driver: The conversation history does not indicate any preference for having more than one main driver, and the agent did not address this aspect."
medium_043.json,flight:2-94|hotel:3-1|rental_car:3-132,medium,hotel,12,13,prefer specific hotel brand (user specifies) | prefer Double room | prefer hotel rating within a specific range (user specifies),3,prefer specific hotel brand (user specifies),prefer specific hotel brand (user specifies),,User prefers Hilton hotels to utilize loyalty points. | User is flexible with layovers for flights as long as total travel time isn't too long. | User prefers an economy-sized car for the rental.,0.3333,0.3333,0,0.6667,0.0,0.0,False,False,3,Misalignment,prefer specific hotel brand (user specifies): The user explicitly mentioned a preference for Hilton hotels to utilize their loyalty points. | prefer Double room: There was no mention of a preference for a Double room in the conversation. | prefer hotel rating within a specific range (user specifies): The user did not specify any particular rating range for the hotel.
medium_045.json,flight:3-52|hotel:2-13|restaurant:3-123,medium,flight,4,6,prefer a specific layover city (user designated) | prefer minimum total travel time | prefer having wifi on the flight,3,prefer minimum total travel time,,,one-way flight from New York to Sydney on March 15th | hotel stay from March 15th to March 22nd | dining at a restaurant in Sydney on March 15th | limited budget | cheapest option for each aspect of travel,0.3333,0.0,0,0.6667,0.3333,0.8,True,False,3,False Alignment,"prefer a specific layover city: There is no indication in the conversation history that the user has a specific layover city preference. | prefer minimum total travel time: The user expressed a desire for the cheapest options, which implicitly suggests a preference for minimizing travel time, but the agent did not explicitly acknowledge this in its thought trace. | prefer having wifi on the flight: The user did not mention a preference for wifi on the flight in the conversation history."
medium_045.json,flight:3-52|hotel:2-13|restaurant:3-123,medium,restaurant,6,6,prefer having seafood or steakhouse (user specifies) | prefer restaurant rating within a specific range (user specifies) | prefer having the option of delivery,3,prefer having seafood or steakhouse | prefer restaurant rating within a specific range | prefer having the option of delivery,,,prefer having seafood or steakhouse | prefer restaurant rating within a specific range | prefer having the option of delivery | prefer cheapest options for each aspect of travel,1.0,0.0,0,0.0,1.0,0.8,True,False,3,True Alignment,"prefer having seafood or steakhouse: The user expressed a preference for seafood (Ocean's Delight) and steakhouse (Sydney Steakhouse) options in the restaurant search, indicating a clear preference. | prefer restaurant rating within a specific range: While the user did not specify a rating range, the agent's search for restaurant options implies that the user may have a preference for higher-rated restaurants, as indicated by the options presented. | prefer having the option of delivery: The restaurant options included several with delivery available, suggesting the user may prefer this option, although it was not explicitly stated."
medium_045.json,flight:3-52|hotel:2-13|restaurant:3-123,medium,hotel,5,6,prefer specific hotel brand (user specifies) | prefer having barrier-free accessibility services,2,prefer having barrier-free accessibility services,,,cheapest options for each aspect of travel | hotel stay from March 15th to March 22nd | dining on March 15th,0.5,0.0,0,0.5,0.5,0.0,False,False,3,Misalignment,"prefer specific hotel brand: There is no indication in the conversation history that the user has a preference for a specific hotel brand. | prefer having barrier-free accessibility services: The conversation history includes a mention of barrier-free accessibility services in the hotel options, indicating a possible preference, but the agent did not explicitly acknowledge this in its thought trace."
medium_046.json,flight:3-310|apartment:2-97|rental_car:3-136,medium,apartment,13,14,prefer having pets allowed | prefer to have the room cleaned up everyday,2,prefer having pets allowed,,,User prefers the cheapest options for all aspects of travel. | User needs a rental car with a child seat. | User has a child and is concerned about safety while driving.,0.5,0.0,0,0.5,0.5,0.0,False,False,3,Misalignment,"prefer having pets allowed: The user did not explicitly mention a preference for pets in the conversation, but the agent's search for apartments included options that allowed pets, indicating a possible alignment with user preferences. | prefer to have the room cleaned up everyday: There is no indication in the conversation that the user prefers daily cleaning for the apartment, nor did the agent acknowledge this preference."
medium_046.json,flight:3-310|apartment:2-97|rental_car:3-136,medium,flight,12,14,prefer different airline brand along different flights | prefer having carry on baggage allowance on the flight | prefer business class,3,prefer having carry on baggage allowance on the flight,,,User prefers the cheapest options for all aspects of travel. | User needs a one-way flight from New York to San Francisco on December 15th. | User needs an apartment in San Francisco from December 15th to December 25th. | User needs a rental car in San Francisco for the same dates. | User has a child and needs a rental car with a child seat. | User prioritizes safety in driving.,0.3333,0.0,0,0.6667,0.3333,0.0,False,False,3,Misalignment,"prefer different airline brand along different flights: There is no explicit or implicit signal in the conversation history indicating that the user prefers different airline brands for their flights. | prefer having carry on baggage allowance on the flight: The user mentioned a preference for the cheapest options, and the flight options provided include carry on baggage allowance, but the agent did not explicitly acknowledge this preference. | prefer business class: There is no indication in the conversation history that the user prefers business class for their flight."
medium_046.json,flight:3-310|apartment:2-97|rental_car:3-136,medium,rental_car,14,14,prefer gasoline car | prefer having driver's personal accident insurance | prefer having additional child seat,3,prefer gasoline car | prefer having additional child seat,prefer having additional child seat,,User prefers the cheapest options for all aspects of travel. | User needs a rental car with a child seat. | User has a child and is concerned about safety while driving.,0.6667,0.3333,0,0.3333,0.3333,0.0,False,False,3,Misalignment,"prefer gasoline car: The conversation history does not explicitly mention a preference for gasoline cars, but the user did express a need for a rental car, which implies a possible preference. | prefer having driver's personal accident insurance: There is no indication in the conversation history that the user has expressed a preference for personal accident insurance. | prefer having additional child seat: The user explicitly stated that having a child seat in the rental car would be helpful, confirming this preference."
medium_047.json,flight:3-37|apartment:3-132|restaurant:2-92,medium,apartment,4,6,prefer having enough room capacity (user specifies) | prefer apartment rating within a specific range (user specifies) | prefer having elevator,3,prefer having enough room capacity | prefer apartment rating within a specific range,,,need a one-way flight from New York to Los Angeles on March 15th | need an apartment in Los Angeles from March 15th to March 22nd | budget is limited and prefers cheapest options,0.6667,0.0,0,0.3333,0.6667,0.0,False,False,3,Misalignment,"prefer having enough room capacity: The user mentioned needing an apartment, which implies a need for room capacity, but there was no explicit acknowledgment of this preference in the agent's thought trace. | prefer apartment rating within a specific range: The user requested an apartment, which suggests a preference for quality, but the agent did not track this specific rating preference in its thought process. | prefer having elevator: There was no indication in the conversation history that the user expressed a preference for having an elevator in the apartment."
medium_047.json,flight:3-37|apartment:3-132|restaurant:2-92,medium,flight,2,6,prefer direct flight | prefer minimum total travel time | prefer having meal service on the flight,3,prefer minimum total travel time,,,one-way flight from New York to Los Angeles on March 15th | limited budget | cheapest option for each,0.3333,0.0,0,0.6667,0.3333,0.0,False,False,3,Misalignment,"prefer direct flight: There is no explicit or implicit indication in the conversation history that the user prefers direct flights. | prefer minimum total travel time: The user mentioned wanting the cheapest option, which implies a preference for efficiency, but this was not explicitly acknowledged by the agent. | prefer having meal service on the flight: There is no mention of meal service preferences in the conversation history."
medium_047.json,flight:3-37|apartment:3-132|restaurant:2-92,medium,restaurant,6,6,prefer having cheap restaurant | prefer where reservations are available,2,prefer having cheap restaurant | prefer where reservations are available,,,prefer having cheap restaurant | prefer where reservations are available | limited budget for travel options | preference for cheapest options for flights and apartments,1.0,0.0,0,0.0,1.0,0.0,False,False,3,Misalignment,"prefer having cheap restaurant: The user explicitly mentioned a limited budget and a preference for the cheapest options, indicating a preference for cheap restaurants. | prefer where reservations are available: The user requested a restaurant reservation, which implies a preference for restaurants that allow reservations."
medium_048.json,flight:3-216|apartment:3-131,medium,apartment,7,7,prefer having enough room capacity (user specifies) | prefer apartment rating within a specific range (user specifies) | prefer having air conditioning,3,prefer having enough room capacity | prefer having air conditioning,,,User prefers a kitchen in the apartment for cooking. | User prefers direct flights to avoid spending too much time in the air. | User has a limited budget and wants the cheapest options available.,0.6667,0.0,0,0.3333,0.6667,0.0,False,False,3,Misalignment,"prefer having enough room capacity: The user did not specify a required capacity for the apartment, so while there is a signal that they may have a preference, it was not explicitly stated. | prefer apartment rating within a specific range: There is no indication in the conversation that the user has a specific rating range preference for the apartment. | prefer having air conditioning: The user did not explicitly mention a preference for air conditioning, but it was implied when they expressed a desire for a kitchen, indicating a general interest in amenities."
medium_048.json,flight:3-216|apartment:3-131,medium,flight,5,7,prefer shorter single flight duration | prefer consistent airline brand along all flights | prefer having carry on baggage allowance on the flight,3,prefer shorter single flight duration,prefer shorter single flight duration,,User prefers direct flights to avoid spending too much time in the air. | User wants a kitchen in the apartment since they enjoy cooking their own meals.,0.3333,0.3333,0,0.6667,0.0,0.0,False,False,3,Misalignment,"prefer shorter single flight duration: The user explicitly stated they lean towards flights that get them to their destination quicker, indicating a preference for shorter flight durations. | prefer consistent airline brand along all flights: There is no indication in the conversation history that the user has a preference for a consistent airline brand. | prefer having carry on baggage allowance on the flight: The user did not mention anything about carry-on baggage allowance in the conversation."
medium_049.json,flight:3-169|hotel:3-136,medium,hotel,6,6,prefer Suite (with kitchen) room | prefer having washer and dryer | prefer having breakfast service,3,prefer Suite (with kitchen) room | prefer having washer and dryer,,,User has a limited budget and wants the cheapest options for both flights and hotels. | User is looking for hotel options in San Francisco from November 10th to November 17th.,0.6667,0.0,0,0.3333,0.6667,0.0,False,False,3,Misalignment,"prefer Suite (with kitchen) room: The user did not explicitly mention a preference for a Suite (with kitchen) room in the conversation, but it can be inferred from the context of looking for hotel options. | prefer having washer and dryer: The user did not explicitly mention a preference for having a washer and dryer, but it can be inferred from the hotel options available. | prefer having breakfast service: There is no indication in the conversation that the user expressed a preference for having breakfast service."
medium_049.json,flight:3-169|hotel:3-136,medium,flight,4,6,prefer direct flight | prefer having lounge access on the flight | prefer having checked bags service,3,prefer direct flight,,,limited budget for travel options | looking for the cheapest flight option | looking for the cheapest hotel option,0.3333,0.0,0,0.6667,0.3333,0.0,False,False,3,Misalignment,"prefer direct flight: The user did not explicitly mention a preference for direct flights, but the context implies they would prefer it given their request for the cheapest option. | prefer having lounge access on the flight: There is no indication in the conversation history that the user has a preference for lounge access. | prefer having checked bags service: The user did not express a preference for checked bags service in the conversation."